RK,Player,Pos,Team,BYE,Opp,PTS,SoS Rank,ADP (Y!),P-RK,YPC,Rush,RUSH YDS,RUSH TD,REC,REC YDS,REC TD,YPR,Rec/Tar Game,PASS YDS,PASS TD,INT,CMP%,ATT/ GM,QB YPC,PTS (Projections),YPC (Projections),Rush (Projections),RUSH YDS (Projections),RUSH TD (Projections),REC (Projections),REC YDS (Projections),REC TD (Projections),YPR (Projections),Rec/Tar Game (Projections),PASS YDS (Projections),PASS TD (Projections),INT (Projections),CMP% (Projections),ATT/ GM (Projections),QB YPC (Projections),Auction $,Target Round
1,Jahmyr Gibbs,RB,DET,6,NO,367,1,1.3,RB1,5.0,243,1223,13,77,616,5,8.0,4.5/5.5,,,,,,,380,4.9,277,1368,15,71,577,4,8.1,4.2/5.4,,,,,,,67,1.10
2,Bijan Robinson,RB,ATL,11,@PIT,371,12,2,RB2,5.1,287,1478,7,79,820,4,10.4,4.6/6.1,,,,,,,373,4.8,291,1386,9,78,728,5,9.3,4.6/6.0,,,,,,,65,1.20
3,Puka Nacua,WR,LAR,11,SF,375,25,4.9,WR1,10.5,10,105,1,129,1715,10,13.3,8.1/10.4,,,,,,,349,6.9,14,94,1,119,1551,10,13.0,7.0/9.8,,,,,,,64,1.30
4,Ja'Marr Chase,WR,CIN,6,TB,314,8,3.5,WR2,4.7,3,14,,125,1412,8,11.3,7.8/11.6,,,,,,,329,5.1,3,17,,114,1409,12,12.4,6.7/9.9,,,,,,,62,1.40
5,Christian McCaffrey,RB,SF,8,@LAR,417,15,5.8,RB3,3.9,311,1202,10,102,924,7,9.1,6.0/7.6,,,,,0.1,,370,4.0,285,1151,11,80,726,6,9.1,4.7/6.2,,,,,,,62,1.50
6,Jaxon Smith-Njigba,WR,SEA,11,NE,360,13,7.2,WR3,5.1,7,36,,119,1793,10,15.1,7.0/9.6,,,,,,,334,5.2,5,27,,114,1626,9,14.2,6.7/9.6,,,,,,,59,1.60
7,Amon-Ra St. Brown,WR,DET,6,NO,324,14,7.9,WR4,3.0,3,9,,117,1401,11,12.0,6.9/10.1,,,,,,,314,5.7,2,10,,116,1373,10,11.8,6.8/9.9,,,,,,,59,1.70
8,Jonathan Taylor,RB,IND,13,BAL,362,13,6.4,RB4,4.9,323,1585,18,46,378,2,8.2,2.7/3.2,,,,,,,333,4.7,329,1539,14,47,359,2,7.6,2.8/3.5,,,,,,,55,1.80
9,CeeDee Lamb,WR,DAL,14,@NYG,201,10,10.9,WR5,2.0,1,2,,75,1077,3,14.4,5.4/8.4,,,,,,,300,6.0,3,20,,106,1382,9,13.1,6.2/9.4,,,,,,,55,1.90
10,James Cook III,RB,BUF,7,@HOU,302,30,9.5,RB5,5.2,309,1621,12,33,291,2,8.8,1.9/2.4,,,,,,,301,4.7,304,1441,12,39,334,2,8.6,2.3/3.1,,,,,,,53,2.00
11,Justin Jefferson,WR,MIN,6,GB,202,2,13.2,WR6,3.5,2,7,,84,1048,2,12.5,4.9/8.3,,,,,,,303,4.2,2,7,,111,1430,8,12.9,6.5/9.9,,,,,,,52,2.10
12,Kenneth Walker III,RB,KC,5,DEN,192,22,15.6,RB6,4.6,221,1027,5,31,282,,9.1,1.8/2.1,,,,,,,285,4.4,277,1227,10,51,391,2,7.7,3.0/3.8,,,,,,,51,2.20
13,Saquon Barkley,RB,PHI,10,WAS,232,4,11.5,RB7,4.1,280,1140,7,37,273,2,7.4,2.3/3.1,,,,,,,280,4.3,292,1241,11,39,328,3,8.4,2.3/3.1,,,,,,,51,2.30
14,De'Von Achane,RB,MIA,6,@LV,323,20,15.3,RB8,5.7,238,1350,8,67,488,4,7.3,4.2/5.3,,,,,,,293,4.9,246,1203,6,68,503,3,7.4,4.0/5.1,,,,,,,48,2.40
15,Drake London,WR,ATL,11,@PIT,202,15,19.9,WR7,,,,,68,919,7,13.5,5.7/9.3,,,,,,,267,,,,,95,1238,8,13.0,5.6/9.3,,,,,,,46,2.50
16,Derrick Henry,RB,BAL,13,@IND,280,19,17.3,RB9,5.2,307,1595,16,15,150,,10.0,0.9/1.2,,,,,0.1,,287,4.9,311,1536,14,22,216,1,9.8,1.3/1.8,,,,,,,44,2.60
17,Chase Brown,RB,CIN,6,TB,283,27,15.9,RB10,4.4,232,1019,6,69,437,5,6.3,4.1/5.2,,,,,,,290,4.4,237,1045,8,67,462,4,6.9,3.9/5.0,,,,,,,43,2.70
18,Omarion Hampton,RB,LAC,7,ARI,136,28,18.3,RB11,4.4,124,545,4,32,192,1,6.0,3.6/3.9,,,,,,,276,4.3,266,1149,11,49,340,2,6.9,2.9/3.5,,,,,,,41,2.80
19,George Pickens,WR,DAL,14,@NYG,292,10,22.5,WR8,,,,,93,1429,9,15.4,5.5/8.1,,,,,,,259,,,,,85,1209,9,14.3,5.0/7.6,,,,,,,41,2.90
20,Brock Bowers,TE,LV,13,MIA,176,18,21,TE1,1.0,2,2,,64,680,7,10.6,5.3/7.2,,,,,,,254,4.0,6,24,,99,1041,8,10.5,5.8/8.3,,,,,,,40,3.00
21,Nico Collins,WR,HOU,8,BUF,226,3,21.8,WR9,7.5,2,15,1,71,1117,6,15.7,4.7/8.0,,,,,,,254,6.5,2,11,,84,1206,8,14.4,4.9/7.9,,,,,,,38,3.10
22,Chris Olave,WR,NO,8,@DET,268,6,31.6,WR10,-3.0,1,-3,,100,1163,9,11.6,6.3/9.8,,,1,,0.1,,240,,,,,84,1078,8,12.8,4.9/8.4,,,,,,,38,3.20
23,A.J. Brown,WR,NE,11,@SEA,220,28,24.1,WR11,,,,,78,1003,7,12.9,5.2/8.1,,,,,,,241,,,,,78,1150,8,14.7,4.6/7.5,,,,,,,36,3.30
24,Malik Nabers,WR,NYG,8,DAL,57,9,30.7,WR12,,,,,18,271,2,15.1,4.5/8.8,,,,,,,227,,,,,79,1060,7,13.4,4.9/8.6,,,,,,,35,3.40
25,Javonte Williams,RB,DAL,14,@NYG,243,5,34.1,RB12,4.8,252,1201,11,35,137,2,3.9,2.2/3.2,,,,,,,250,4.4,283,1231,10,35,203,2,5.9,2.0/2.8,,,,,,,35,3.50
26,Trey McBride,TE,ARI,14,@LAC,316,19,26.8,TE2,,,,,126,1239,11,9.8,7.4/9.9,,,,,,,250,,,,,109,1053,6,9.7,6.4/8.9,,,,,,,34,3.60
27,Kyren Williams,RB,LAR,11,SF,263,8,28.2,RB13,4.8,259,1252,10,36,281,3,7.8,2.1/2.9,,,,,,,240,4.6,248,1133,11,29,201,2,6.9,1.7/2.4,,,,,,,33,3.70
28,Zay Flowers,WR,BAL,13,@IND,243,19,35.7,WR13,6.2,10,62,1,86,1211,5,14.1,5.1/6.9,,,,,,,253,6.1,10,62,1,85,1197,6,14.1,5.0/7.4,,,,,,,32,3.80
29,Ashton Jeanty,RB,LV,13,MIA,245,32,17.1,RB14,3.7,266,975,5,55,346,5,6.3,3.2/4.3,,,,,,,255,4.1,237,979,7,59,442,2,7.5,3.9/5.1,,,,,,,31,3.90
30,Devonta Smith,WR,PHI,10,WAS,202,1,29.5,WR14,,,,,77,1008,4,13.1,4.5/6.6,,,,,,,244,,,,,86,1099,8,12.8,5.1/7.6,,,,,,,30,4.00
31,Travis Etienne Jr.,RB,NO,8,@DET,254,3,42.3,RB15,4.3,260,1107,7,36,292,6,8.1,2.1/3.1,,,,,,,249,4.3,258,1102,8,45,339,2,7.5,2.6/3.5,,,,,,,30,4.10
32,Ladd McConkey,WR,LAC,7,ARI,181,31,44.8,WR15,,,,,66,789,6,12.0,4.1/6.6,,,,,,,233,,,,,83,1073,7,12.9,4.9/7.5,,,,,,,30,4.20
33,Breece Hall,RB,NYJ,13,@TEN,208,23,34.7,RB16,4.4,243,1065,4,36,350,1,9.7,2.3/3.0,4,1,,100%,0.1,4.0,256,4.4,255,1114,6,52,447,2,8.6,3.1/3.9,,,,,,,30,4.30
34,Tee Higgins,WR,CIN,6,TB,212,8,33.5,WR16,,,,,59,846,11,14.3,3.9/6.5,,,,,,,235,,,,,79,1017,9,12.9,4.6/7.6,,,,,,,29,4.40
35,D'Andre Swift,RB,CHI,10,@CAR,229,26,46,RB17,4.9,223,1087,9,34,299,1,8.8,2.1/3.0,,,,,,,235,4.6,246,1124,8,36,326,1,9.1,2.1/3.1,,,,,,,28,4.50
36,Jeremiyah Love,RB,ARI,14,@LAC,,25,29.7,RB18,,,,,,,,,,,,,,,,247,4.4,219,964,7,55,419,2,7.6,3.2/4.2,,,,,,,28,4.60
37,Rashee Rice,WR,KC,5,DEN,150,30,35.4,WR17,4.0,5,20,1,53,571,5,10.8,6.6/9.8,,,,,,,257,4.7,7,32,,98,1133,7,11.6,5.8/8.4,,,,,,,28,4.70
38,Garrett Wilson,WR,NYJ,13,@TEN,100,23,48.4,WR18,,,,,36,395,4,11.0,5.1/8.4,,,,,,,238,5.2,2,9,,95,1064,6,11.2,5.6/8.7,,,,,,,27,4.80
39,Josh Allen,QB,BUF,7,@HOU,365,20,20.3,QB1,5.2,112,579,14,,,,,,3668,25,10,69%,27.1,11.5,388,5.1,114,586,13,,,,,,4078,27,10,67%,30.4,11.6,27,4.90
40,Davante Adams,WR,LAR,11,SF,223,25,56.2,WR19,,,,,60,789,14,13.2,4.3/8.1,,,,,,,221,,,,,67,884,11,13.2,3.9/7.1,,,,,,,26,5.00
41,Jaylen Waddle,WR,DEN,10,@KC,194,29,40.3,WR20,14.0,2,28,,64,910,6,14.2,4.0/6.3,8,,,100%,0.1,8.0,227,5.4,3,18,,79,1038,7,13.1,4.6/7.6,,,,,,,26,5.10
42,Colston Loveland,TE,CHI,10,@CAR,165,30,39.3,TE3,-2.0,1,-2,,58,713,6,12.3,3.6/5.1,,,,,,,208,,,,,81,914,6,11.3,4.8/7.3,,,,,,,25,5.20
43,Luther Burden III,WR,CHI,10,@CAR,128,27,58.2,WR21,6.2,6,37,,47,652,2,13.9,3.1/4.0,,,,,,,227,5.5,7,37,,79,1021,7,12.9,4.6/7.5,,,,,,,24,5.30
44,Bucky Irving,RB,TB,10,@CIN,139,18,54.7,RB19,3.4,173,588,1,30,277,3,9.2,3.0/3.5,,,,,,,222,4.1,241,986,8,35,283,2,8.1,2.1/2.6,,,,,,,24,5.40
45,Jameson Williams,WR,DET,6,NO,220,14,65.8,WR22,2.0,6,12,,65,1117,7,17.2,3.8/6.0,,,,,,,229,6.0,7,41,1,67,1095,7,16.3,3.9/6.4,,,,,,,24,5.50
46,Emeka Egbuka,WR,TB,10,@CIN,196,11,45.2,WR23,4.5,2,9,,63,938,6,14.9,3.7/7.5,,,,,,,222,5.7,2,10,,68,1047,8,15.3,4.0/7.2,,,,,,,24,5.60
47,Tetairoa McMillan,WR,CAR,5,CHI,211,20,41.8,WR24,,,,,70,1014,7,14.5,4.1/7.2,,,,,,,226,,,,,78,1059,7,13.6,4.6/7.6,,,,,,,24,5.70
48,Terry Mclaurin,WR,WAS,7,@PHI,114,16,54.1,WR25,,,,,38,582,3,15.3,3.8/6.0,,,,,,,210,,,,,74,995,6,13.5,4.4/6.6,,,,,,,23,5.80
49,DJ Moore,WR,BUF,7,@HOU,170,21,59.7,WR26,5.3,15,79,1,50,682,6,13.6,2.9/5.0,2,1,,100%,0.1,2.0,196,5.2,5,27,,66,915,6,13.9,3.9/6.2,,,,,,,23,5.90
50,Parker Washington,WR,JAX,7,CLE,173,4,78.2,WR27,,7,,,58,847,5,14.6,3.6/5.9,,,,,,,199,5.6,10,57,,69,947,5,13.7,4.1/6.8,,,,,,,22,6.00
51,Lamar Jackson,QB,BAL,13,@IND,215,16,38.5,QB2,5.2,67,349,2,,,,,,2549,21,7,64%,23.2,13.3,350,5.5,128,709,5,,,,,,3922,28,10,66%,28.4,12.3,22,6.10
52,Mike Evans,WR,SF,8,@LAR,85,26,69,WR28,,,,,30,368,3,12.3,3.8/7.6,,,,,,,190,,,,,55,866,8,15.7,3.2/5.8,,,,,,,21,6.20
53,David Montgomery,RB,HOU,8,BUF,167,11,53.2,RB20,4.5,158,716,8,24,192,,8.0,1.4/1.7,3,1,,50%,0.1,3.0,204,4.3,218,933,9,29,215,1,7.4,1.7/2.2,,,,,,,21,6.30
54,Cam Skattebo,RB,NYG,8,DAL,128,9,42.4,RB21,4.1,101,410,5,24,207,2,8.6,3.0/4.0,,,,,,,229,4.2,234,971,8,41,310,2,7.6,2.4/3.1,,,,,,,21,6.40
55,Jadarian Price,RB,SEA,11,NE,,6,64.4,RB22,,,,,,,,,,,,,,,,212,4.2,216,907,9,31,241,2,7.8,1.8/2.5,,,,,,,20,6.50
56,Christian Watson,WR,GB,11,@MIN,132,12,67.8,WR29,3.0,1,3,,35,611,6,17.5,3.5/5.5,,,,,,,195,5.9,3,20,,59,916,7,15.5,3.5/6.1,,,,,,,20,6.60
57,Jalen Hurts,QB,PHI,10,WAS,299,1,56.8,QB3,4.0,105,421,8,,,,,,3224,25,6,65%,28.4,11.0,340,4.1,130,527,9,,,,,,3694,26,9,65%,28.9,11.3,20,6.70
58,Rhamondre Stevenson,RB,NE,11,@SEA,179,24,78.1,RB23,4.6,130,603,7,32,345,2,10.8,2.3/2.6,,,,,,,210,4.4,191,844,8,37,282,2,7.6,2.2/2.7,,,,,,,19,6.80
59,Bhayshul Tuten,RB,JAX,7,CLE,89,16,61.6,RB24,3.7,83,307,5,10,79,2,7.9,0.7/0.9,,,,,,,210,4.2,231,961,7,34,254,2,7.5,2.0/2.9,,,,,,,19,6.90
60,Jayden Daniels,QB,WAS,7,@PHI,114,10,54.9,QB4,4.8,58,278,2,,,,,,1262,8,3,61%,26.9,11.1,330,5.1,123,622,5,,,,,,4003,25,11,67%,30.9,11.1,18,7.00
61,Tyler Warren,TE,IND,13,BAL,189,13,47.2,TE4,1.3,6,8,1,76,817,4,10.8,4.5/6.6,,,,,0.1,,215,2.3,9,20,1,87,898,5,10.3,5.1/7.0,,,,,,,18,7.10
62,Marvin Harrison Jr.,WR,ARI,14,@LAC,128,18,78.3,WR30,,,,,41,608,4,14.8,3.4/6.1,,,,,,,207,,,,,71,1003,6,14.1,4.2/7.5,,,,,,,17,7.20
63,Quinshon Judkins,RB,CLE,11,@JAX,170,7,54.2,RB25,3.6,230,827,7,26,171,,6.6,1.9/2.6,,,,,,,234,4.0,302,1214,8,35,237,1,6.8,2.0/2.8,,,,,,,16,7.30
64,Rome Odunze,WR,CHI,10,@CAR,146,27,66.5,WR31,,,,,44,661,6,15.0,3.7/7.5,,,,,,,215,,,,,67,1063,7,15.9,3.9/8.0,,,,,,,16,7.40
65,Joe Burrow,QB,CIN,6,TB,135,12,50.1,QB5,2.9,14,41,,,,,,,1809,17,5,67%,32.4,10.5,322,3.6,45,161,1,,,,,,4349,37,11,68%,35.5,10.6,15,7.50
66,Jaylen Warren,RB,PIT,9,ATL,217,21,76.4,RB26,4.5,211,958,6,40,333,2,8.3,2.5/2.8,,,,,,,191,4.4,189,821,4,41,315,2,7.7,2.4/3.1,,,,,,,15,7.60
67,Drake Maye,QB,NE,11,@SEA,352,22,47.5,QB6,4.4,103,450,4,1,2,,2.0,0.1/0.1,4394,31,8,72%,28.9,12.4,328,5.0,102,511,4,,,,,,4212,27,12,68%,31.1,11.7,14,7.70
68,Sam Laporta,TE,DET,6,NO,107,26,63.2,TE5,,,,,40,489,3,12.2,4.4/5.4,,,,,,,197,,,,,74,810,7,10.9,4.4/6.0,,,,,,,14,7.80
69,Rico Dowdle,RB,PIT,9,ATL,216,21,86.6,RB27,4.6,236,1076,6,39,297,1,7.6,2.3/2.9,,,,,,,195,4.3,228,992,6,31,228,1,7.3,1.8/2.5,,,,,,,14,7.90
70,TreVeyon Henderson,RB,NE,11,@SEA,206,24,66.1,RB28,5.1,180,911,9,35,221,1,6.3,2.1/2.5,,,,,,,190,4.5,173,772,6,38,269,2,7.1,2.2/2.8,,,,,,,14,8.00
71,Justin Herbert,QB,LAC,7,ARI,287,23,70.3,QB7,6.0,83,498,2,,,,,,3727,26,13,66%,32.0,11.0,321,4.8,81,386,3,,,,,,4111,30,10,66%,32.8,11.1,14,8.10
72,Caleb Williams,QB,CHI,10,@CAR,318,30,67,QB8,5.0,77,383,3,2,22,1,11.0,0.1/0.1,3942,27,7,58%,33.4,11.9,316,5.5,74,401,3,,,,,,4197,27,9,61%,33.8,12.0,14,8.20
73,Trevor Lawrence,QB,JAX,7,CLE,338,3,83.9,QB9,4.4,82,359,9,,,,,,4007,29,12,61%,32.9,11.8,324,4.5,78,353,6,,,,,,4166,27,11,62%,33.8,11.5,13,8.30
74,Tucker Kraft,TE,GB,11,@MIN,117,29,60.5,TE6,3.0,1,3,,32,489,6,15.3,4.0/5.5,,,,,,,185,,,,,65,779,7,12.0,3.8/5.4,,,,,,,13,8.40
75,Jayden Reed,WR,GB,11,@MIN,49,12,117.3,WR32,9.3,3,28,,19,207,1,10.9,2.7/3.1,,,,,,,190,7.6,10,78,,70,819,5,11.7,4.1/6.0,,,,,,,12,8.50
76,MarShawn Lloyd,RB,GB,11,@MIN,,17,104.6,RB29,2.5,6,,,1,,,3.0,1.0/1.0,,,,,,,139,4.1,158,641,6,19,137,1,7.2,1.1/1.5,,,,,,,11,8.60
77,Dak Prescott,QB,DAL,14,@NYG,314,5,73.5,QB10,3.3,53,177,2,,,,,,4552,30,10,67%,35.3,11.3,323,3.9,52,202,2,,,,,,4470,33,10,67%,34.4,11.3,11,8.70
78,Brian Thomas Jr.,WR,JAX,7,CLE,139,4,84.2,WR33,7.0,3,21,1,48,707,2,14.7,3.4/6.5,,,,,,,177,6.3,3,21,,58,864,5,14.9,3.4/6.2,,,,,,,10,8.80
79,Chris Godwin Jr.,WR,TB,10,@CIN,83,11,96.1,WR34,,,,,33,360,2,10.9,3.7/5.7,,,,,,,198,,,,,75,868,6,11.5,4.4/6.7,,,,,,,10,8.90
80,Tony Pollard,RB,TEN,9,NYJ,186,14,85.8,RB30,4.5,242,1082,5,33,206,,6.2,1.9/2.4,,,,,,,178,4.4,201,882,6,30,183,1,6.2,1.7/2.3,,,,,,,10,9.00
81,DK Metcalf,WR,PIT,9,ATL,187,24,85.9,WR35,6.0,2,12,1,59,850,6,14.4,3.9/6.6,,,,,,,189,,,,,63,896,6,14.2,3.7/6.4,,,,,,,10,9.10
82,J.K. Dobbins,RB,DEN,10,@KC,116,29,95,RB31,5.0,153,772,4,11,37,,3.4,1.1/1.4,,,,,,,193,4.6,223,1022,9,19,116,1,6.0,1.1/1.5,,,,,,,10,9.20
83,Jordan Addison,WR,MIN,6,GB,135,2,115.8,WR36,40.5,2,81,1,42,610,3,14.5,3.0/5.6,,,,,,,193,6.2,2,11,,66,901,6,13.7,3.9/6.5,,,,,,,9,9.30
84,Jonathon Brooks,RB,CAR,5,CHI,,31,92.3,RB32,2.4,9,,,3,,,7.7,1.0/1.0,,,,,,,149,4.2,147,612,4,33,250,1,7.6,1.9/2.6,,,,,,,9,9.40
85,Quentin Johnston,WR,LAC,7,ARI,171,31,110.1,WR37,3.5,2,7,,51,735,8,14.4,3.6/6.1,,,,,,,183,4.5,2,8,,59,863,6,14.5,3.5/5.8,,,,,,,8,9.50
86,Josh Downs,WR,IND,13,BAL,136,17,107.1,WR38,-1.0,2,-2,,58,566,4,9.8,3.6/5.5,,,,,,,201,6.0,2,10,,80,839,6,10.5,4.7/6.9,,,,,,,8,9.60
87,Blake Corum,RB,LAR,11,SF,122,8,99.5,RB33,5.1,145,746,6,8,36,,4.5,0.5/0.8,,,,,,,161,4.6,171,782,8,17,119,1,7.0,1.0/1.5,,,,,,,8,9.70
88,Brock Purdy,QB,SF,8,@LAR,177,24,98.4,QB11,4.5,33,147,3,,,,,,2167,20,10,69%,31.6,11.0,323,4.4,66,289,3,,,,,,4390,31,12,67%,32.5,11.8,8,9.80
89,Courtland Sutton,WR,DEN,10,@KC,220,29,105.4,WR39,,,,,74,1017,7,13.7,4.4/7.3,,,,,,,194,,,,,65,872,7,13.4,3.8/6.9,,,,,,,7,9.90
90,Carnell Tate,WR,TEN,9,NYJ,,7,81.2,WR40,,,,,,,,,,,,,,,,176,,,,,61,849,5,13.9,3.6/6.1,,,,,,,7,10.00
91,Chuba Hubbard,RB,CAR,5,CHI,125,31,89.8,RB34,3.8,134,511,1,30,223,3,7.4,2.0/2.6,,,,,,,202,4.1,228,931,6,39,281,1,7.2,2.3/3.0,,,,,,,7,10.10
92,Michael Pittman Jr.,WR,PIT,9,ATL,202,24,120.7,WR41,,,,,80,784,7,9.8,4.7/6.5,,,,,,,188,,,,,78,795,5,10.2,4.6/7.2,,,,,,,7,10.20
93,Jordan Mason,RB,MIN,6,GB,129,10,113.1,RB35,4.8,159,758,6,14,51,,3.6,0.9/1.0,,,,,,,143,4.5,180,806,6,16,100,,6.2,0.9/1.3,,,,,,,7,10.30
94,Matthew Stafford,QB,LAR,11,SF,350,17,99.8,QB12,,29,1,,,,,,,4707,46,8,65%,35.1,12.1,313,1.3,28,35,,,,,,,4379,38,9,65%,33.6,11.8,7,10.40
95,Stefon Diggs,WR,WAS,7,@PHI,210,16,104.5,WR42,,,,,85,1013,4,11.9,5.0/6.0,,,,,,,185,,,,,72,828,5,11.5,4.2/6.0,,,,,,,6,10.50
96,RJ Harvey,RB,DEN,10,@KC,207,29,107.8,RB36,3.7,146,540,7,47,356,5,7.6,2.8/3.4,,,,,0.1,,170,4.1,115,473,4,46,342,3,7.4,2.7/3.5,,,,,,,6,10.60
97,Jacory Croskey-Merritt,RB,WAS,7,@PHI,140,2,107.3,RB37,4.6,175,805,8,9,68,,7.6,0.5/0.8,,,,,,,140,4.3,182,788,6,15,106,,7.1,0.9/1.1,,,,,,,6,10.70
98,Michael Wilson,WR,ARI,14,@LAC,221,18,101,WR43,,,,,78,1006,7,12.9,4.6/7.4,,,,,,,175,,,,,65,797,5,12.3,3.8/6.4,,,,,,,6,10.80
99,Matthew Golden,WR,GB,11,@MIN,70,12,126.3,WR44,4.9,10,49,,29,361,,12.4,2.1/3.1,,,,,,,175,6.6,7,45,,64,821,4,12.8,3.8/5.9,,,,,,,6,10.90
100,Patrick Mahomes II,QB,KC,5,DEN,286,27,102.7,QB13,6.6,64,422,5,1,-10,,-10.0,0.1/0.1,3587,22,11,63%,35.9,11.4,290,5.1,51,260,3,,,,,,4088,26,11,65%,32.8,11.1,6,11.00
101,Jaxson Dart,QB,NYG,8,DAL,242,9,91.4,QB14,5.7,86,487,9,,,,,,2272,15,5,64%,24.2,10.5,314,5.6,105,584,6,,,,,,3749,23,11,65%,30.4,11.2,6,11.10
102,Kenneth Gainwell,RB,TB,10,,221,18,114,RB38,4.7,114,537,5,73,486,3,6.7,4.3/5.0,,,,,,,184,4.5,116,522,4,53,367,3,6.9,3.1/4.0,,,,,,,6,11.20
103,Jared Goff,QB,DET,6,NO,297,18,113.9,QB15,2.4,19,45,,,,,,,4564,34,8,68%,34.0,11.6,308,1.7,25,43,1,,,,,,4595,34,11,68%,34.5,11.5,6,11.30
104,Baker Mayfield,QB,TB,10,@CIN,272,28,125.9,QB16,6.9,55,382,1,,,,,,3693,26,11,63%,31.9,10.8,300,5.9,56,328,2,,,,,,4130,28,11,65%,33.4,11.2,6,11.40
105,Harold Fannin Jr.,TE,CLE,11,@JAX,186,2,71,TE7,1.9,7,13,1,72,731,6,10.2,4.5/6.7,,,,,,,198,2.8,7,19,,87,855,4,9.8,5.1/7.5,,,,,,,6,11.50
106,Jordan Love,QB,GB,11,@MIN,235,19,123.1,QB17,4.2,47,199,,,,,,,3381,23,6,66%,29.3,11.6,290,4.1,49,199,1,,,,,,4294,28,10,65%,32.6,11.8,6,11.60
107,Xavier Worthy,WR,KC,5,DEN,110,30,129.1,WR45,7.9,11,87,,42,532,1,12.7,3.0/5.2,,,,,,,192,6.8,17,116,1,61,835,5,13.7,3.6/6.1,,,,,,,6,11.70
108,Kyle Pitts Sr.,TE,ATL,11,@PIT,211,5,72.3,TE8,,,,,88,928,5,10.5,5.2/6.9,,,,,,,178,,,,,73,754,5,10.3,4.3/6.5,,,,,,,6,11.80
109,Bo Nix,QB,DEN,10,@KC,305,29,99,QB18,4.3,83,356,5,,,,,—/0.1,3931,25,11,63%,36.0,10.1,310,4.4,81,354,4,,,,,,4010,28,11,64%,33.6,10.8,6,11.90
110,KC Concepcion,WR,CLE,11,@JAX,,5,124.2,WR46,,,,,,,,,,,,,,,,180,5.5,5,28,,68,848,4,12.5,4.0/6.6,,,,,,,6,12.00
111,Dalton Kincaid,TE,BUF,7,@HOU,126,24,97.9,TE9,,,,,39,571,5,14.6,3.3/4.1,,,,,,,175,,,,,66,791,5,12.0,3.9/5.4,,,,,,,6,12.10
112,Alec Pierce,WR,IND,13,BAL,183,17,95.6,WR47,,,,,47,1003,6,21.3,3.1/5.6,,,,,,,171,,,,,55,865,5,15.9,3.2/5.5,,,,,,,6,12.20
113,George Kittle,TE,SF,8,@LAR,162,27,83.6,TE10,-3.0,1,-3,,57,628,7,11.0,5.2/6.3,,,,,,,170,,,,,67,732,5,10.9,4.2/5.6,,,,,,,6,12.30
114,Makai Lemon,WR,PHI,10,WAS,,1,116.2,WR48,,,,,,,,,,,,,,,,130,4.2,5,21,,47,572,4,12.2,2.8/4.6,,,,,,,6,12.40
115,De'Zhaun Stribling,WR,SF,8,@LAR,,26,109.2,WR49,,,,,,,,,,,,,,,,100,,,,,34,477,3,14.0,2.0/3.3,,,,,,,6,12.50
116,Kyler Murray,QB,MIN,6,GB,78,7,112.5,QB19,6.0,29,173,1,,,,,,962,6,3,68%,32.2,8.7,278,6.1,78,474,3,,,,,,3614,22,10,68%,29.6,10.6,6,12.60
117,Romeo Doubs,WR,NE,11,@SEA,165,28,132,WR50,,,,,55,724,6,13.2,3.4/5.3,,,,,,,171,,,,,62,797,5,12.9,3.6/5.4,,,,,,,6,12.70
118,Chris Rodriguez Jr.,RB,JAX,7,CLE,92,16,130.9,RB39,4.5,112,500,6,3,30,,10.0,0.2/0.3,,,,,,,98,4.4,109,481,6,4,31,1,7.2,0.3/0.4,,,,,,,6,12.80
119,Rachaad White,RB,WAS,7,@PHI,143,2,123.8,RB40,4.3,132,572,4,40,218,,5.4,2.4/2.6,,,,,,,175,4.2,144,608,4,47,308,2,6.6,2.8/3.3,,,,,,,6,12.90
120,Wan'dale Robinson,WR,TEN,9,NYJ,218,7,130.7,WR51,1.7,3,5,,92,1014,4,11.0,5.8/8.8,,,,,,,159,5.4,7,37,,68,692,3,10.2,4.0/6.1,,,,,,,5,13.00
121,Travis Kelce,TE,KC,5,DEN,193,14,94.6,TE11,1.0,1,1,,76,851,5,11.2,4.5/6.4,,,,,,,191,,,,,76,788,6,10.4,4.5/6.4,,,,,,,5,13.10
122,Jakobi Meyers,WR,JAX,7,CLE,176,4,130.1,WR52,2.6,5,13,,75,835,3,11.1,4.7/6.9,,,,,,,175,5.7,5,29,,67,752,5,11.2,3.9/6.2,,,,,,,5,13.20
123,Josh Jacobs,RB,GB,11,@MIN,237,17,43,RB41,4.0,234,929,13,36,282,1,7.8,2.4/2.9,,,,,,,139,4.1,146,594,6,21,166,1,7.9,2.3/3.1,,,,,,,5,13.30
124,Jalen Coker,WR,CAR,5,CHI,90,20,133.3,WR53,,,,,33,394,3,11.9,3.0/3.9,,,,,,,217,,,,,83,980,6,11.8,4.9/7.4,,,,,,,5,13.40
125,Malik Willis,QB,MIA,6,@LV,51,26,125.1,QB20,5.6,22,123,2,,,,,,422,3,,86%,8.8,14.1,284,5.3,115,614,4,,,,,,3712,18,11,65%,30.8,10.8,5,13.50
126,Dallas Goedert,TE,PHI,10,WAS,185,1,105.5,TE12,,,,,60,591,11,9.8,4.0/5.5,,,,,,,182,,,,,69,712,7,10.3,4.1/5.5,,,,,,,5,13.60
127,Mark Andrews,TE,BAL,13,@IND,131,3,113.2,TE13,4.8,10,48,1,48,422,5,8.8,2.8/4.1,,,,,,,199,3.4,9,28,1,66,703,9,10.7,3.9/5.4,,,,,,,5,13.70
128,Khalil Shakir,WR,BUF,7,@HOU,166,21,130.9,WR54,5.0,1,5,,72,719,4,10.0,4.5/5.9,,,,,,,173,6.0,2,10,,71,765,4,10.8,4.2/5.6,,,,,,,5,13.80
129,Juwan Johnson,TE,NO,8,@DET,180,16,124.5,TE14,,,,,77,889,3,11.5,4.5/6.0,,,,,,,170,,,,,70,763,4,10.9,4.1/5.8,,,,,,,5,13.90
130,Kyle Monangai,RB,CHI,10,@CAR,147,26,108.3,RB42,4.6,169,783,5,18,164,,9.1,1.1/1.8,,,,,,,163,4.4,184,804,6,22,185,1,8.4,1.3/1.9,,,,,,,5,14.00
131,Daniel Jones,QB,IND,13,BAL,226,8,127.1,QB21,3.6,45,164,5,,,,,,3101,19,8,68%,29.5,11.9,289,4.1,64,263,4,,,,,,4013,25,11,68%,32.2,10.9,5,14.10
132,Rashid Shaheed,WR,SEA,11,NE,145,13,128.4,WR55,7.7,9,69,,59,687,2,11.6,3.3/5.1,,,,,,,153,6.6,12,79,1,53,623,4,11.8,3.1/5.2,,,,,,,4,14.20
133,Tyjae Spears,RB,TEN,9,NYJ,112,14,132.9,RB43,3.9,72,283,2,45,264,,5.9,3.5/3.8,,,,,,,167,4.1,141,582,3,47,318,2,6.8,2.8/3.4,,,,,,,4,14.30
134,Tyler Shough,QB,NO,8,@DET,158,11,130,QB22,4.1,45,186,3,,,,,,2384,10,6,68%,29.7,10.8,297,4.3,72,312,4,,,,,,4033,25,10,67%,33.4,10.7,4,14.40
135,Deebo Samuel Sr.,WR,SF,8,@LAR,188,26,127.3,WR56,4.4,17,75,1,72,727,5,10.1,4.5/6.2,,,,,,,173,4.4,24,106,1,57,694,5,12.2,3.4/5.0,,,,,,,4,14.50
136,Keaton Mitchell,RB,LAC,7,ARI,55,28,131.7,RB44,5.8,59,341,1,9,63,,7.0,0.7/0.9,,,,,,,113,4.7,71,331,3,27,224,2,8.3,1.6/2.2,,,,,,,4,14.60
137,Isaiah Likely,TE,NYG,8,DAL,62,6,109.5,TE15,,,,,27,307,1,11.4,1.9/2.6,,,,,,,180,,,,,71,794,5,11.2,4.2/5.6,,,,,,,4,14.70
138,Aaron Jones Sr.,RB,MIN,6,GB,119,10,124,RB45,4.2,132,548,2,28,199,1,7.1,2.3/3.4,,,,,,,189,4.3,151,648,5,47,347,2,7.4,2.8/3.8,,,,,,,4,14.80
139,Jake Ferguson,TE,DAL,14,@NYG,188,10,117,TE16,1.0,1,1,,82,600,8,7.3,4.8/6.0,,,,,,,157,,,,,69,575,5,8.3,4.1/5.5,,,,,,,4,14.90
140,Tank Bigsby,RB,PHI,10,WAS,54,4,129.7,RB46,5.7,63,356,2,3,32,,10.7,0.2/0.2,,,,,,,89,4.6,93,423,4,13,99,,7.6,0.8/1.1,,,,,,,4,15.00
141,Sam Darnold,QB,SEA,11,NE,235,13,122.5,QB23,2.7,35,95,,,,,,,4048,25,14,68%,28.1,12.5,273,3.0,41,125,1,,,,,,4212,27,11,67%,31.6,11.8,4,15.10
142,Woody Marks,RB,HOU,8,BUF,151,11,130.7,RB47,3.6,196,703,3,24,208,3,8.7,1.5/2.3,,,,,,,125,4.1,145,587,3,23,196,1,8.5,1.4/2.0,,,,,,,4,15.20
143,Brandon Aubrey,K,DAL,14,@NYG,,,86.5,K1,,,,,,,,,,,,,,,,184,,,,,,,,,,,,,,,,4,15.30
144,Jordyn Tyson,WR,NO,8,@DET,,6,99.5,WR57,,,,,,,,,,,,,,,,130,,,,,49,568,4,11.6,4.9/7.1,,,,,,,3,15.40
145,Brenton Strange,TE,JAX,7,CLE,118,7,129.3,TE17,,,,,46,540,3,11.7,3.8/5.0,,,,,,,141,,,,,57,603,4,10.6,3.4/4.9,,,,,,,3,15.50
146,Denzel Boston,WR,CLE,11,@JAX,,5,131.4,WR58,,,,,,,,,,,,,,,,146,,,,,58,704,3,12.1,3.4/5.8,,,,,,,3,15.60
147,Mike Washington Jr.,RB,LV,13,MIA,,32,123.1,RB48,,,,,,,,,,,,,,,,90,4.1,108,440,3,16,117,,7.3,0.9/1.3,,,,,,,3,15.70
148,C.J. Stroud,QB,HOU,8,BUF,209,6,125.3,QB24,4.4,48,209,1,,,,,,3041,19,8,65%,30.2,11.1,270,4.4,56,247,1,,,,,,4020,25,11,64%,32.6,11.2,3,15.80
149,Tre Tucker,WR,LV,13,MIA,162,32,127.6,WR59,4.6,11,51,,57,696,5,12.2,3.4/5.4,,,,,,,137,5.6,12,67,,50,624,3,12.5,2.9/5.1,,,,,,,3,15.90
150,Ryan Flournoy,WR,DAL,14,@NYG,114,10,162,WR60,6.2,4,25,,40,475,4,11.9,2.5/3.5,,,,,,,137,5.5,3,19,,48,564,5,11.7,2.8/4.2,,,,,,,3,16.00
151,Hunter Henry,TE,NE,11,@SEA,179,21,127.6,TE18,,,,,60,768,7,12.8,3.5/5.1,,,,,,,152,,,,,58,639,5,11.0,3.4/4.9,,,,,,,3,16.10
152,T.J. Hockenson,TE,MIN,6,GB,113,9,128.5,TE19,,1,,,51,438,3,8.6,3.4/4.4,,,,,,,166,,,,,77,650,4,8.4,4.5/6.2,,,,,,,3,16.20
153,Dalton Schultz,TE,HOU,8,BUF,178,11,126.6,TE20,,,,,82,777,3,9.5,4.8/6.2,,,,,,,146,,,,,62,601,4,9.7,3.6/5.1,,,,,,,3,16.30
154,Keenan Allen,WR,IND,13,BAL,183,17,125.8,WR61,,,,,81,777,4,9.6,4.8/7.2,,,,,,,136,,,,,52,542,5,10.4,3.5/5.3,,,,,,,3,16.40
155,Tyler Allgeier,RB,ARI,14,@LAC,123,25,130,RB49,3.6,143,514,8,14,96,,6.9,0.8/0.9,,,,,,,95,3.9,112,440,4,16,108,,6.8,0.9/1.3,,,,,,,3,16.50
156,Terrance Ferguson,TE,LAR,11,SF,52,15,127.2,TE21,,1,,,11,231,3,21.0,0.8/1.8,,,,,,,149,,,,,46,665,6,14.5,2.7/4.6,,,,,,,3,16.60
157,Houston Texans,DST,HOU,8,BUF,,,141,DST32,,,,,,,,,,,,,,,,185,,,,,,,,,,,,,,,,3,16.70
158,Brian Robinson Jr.,RB,ATL,11,@PIT,63,12,119.4,RB50,4.3,92,400,2,8,25,,3.1,0.5/0.7,,,,,,,104,4.2,131,550,4,11,81,1,7.4,0.6/0.8,,,,,,,3,16.80
159,Seattle Seahawks,DST,SEA,11,NE,,,157,DST32,,,,,,,,,,,,,,,,181,,,,,,,,,,,,,,,,3,16.90
160,Los Angeles Rams,DST,LAR,11,SF,,,148,DST32,,,,,,,,,,,,,,,,194,,,,,,,,,,,,,,,,3,17.00
161,Kayshon Boutte,WR,HOU,8,BUF,124,3,171,WR62,,,,,33,551,6,16.7,2.4/3.3,,,,,,,142,,,,,53,651,4,12.3,3.1/4.8,,,,,,,2,17.10
162,Tre Harris,WR,LAC,7,ARI,,31,186,WR63,,,,,,,,,,,,,,,,122,,,,,47,514,4,11.0,2.8/4.1,,,,,,,2,17.20
163,Malik Davis,RB,DAL,14,@NYG,41,5,211,RB51,4.8,52,250,2,2,16,,8.0,0.2/0.5,,,,,,,64,4.4,82,359,1,12,94,,7.6,0.7/1.1,,,,,,,2,17.30
164,Jalen McMillan,WR,TB,10,@CIN,30,11,153,WR64,1.0,1,1,,12,178,,14.8,3.0/3.8,,,,,,,134,5.8,5,30,,47,601,4,12.9,2.7/4.4,,,,,,,2,17.40
165,Jalen Nailor,WR,LV,13,MIA,101,32,129.2,WR65,6.5,2,13,,29,444,4,15.3,1.7/3.1,,,,,,,135,5.7,2,10,,46,640,4,13.9,2.7/4.8,,,,,,,2,17.50
166,Ray Davis,RB,BUF,7,@HOU,58,30,123.3,RB52,4.7,58,275,,10,86,2,8.6,0.6/0.8,,,,,,,65,4.2,63,266,2,11,90,1,8.2,0.6/0.8,,,,,,,2,17.60
167,Chig Okonkwo,TE,WAS,7,@PHI,124,25,126.5,TE22,,,,,56,560,2,10.0,3.3/4.6,,,,,,,126,,,,,50,513,4,10.2,3.0/4.1,,,,,,,2,17.70
168,Jonah Coleman,RB,DEN,10,@KC,,29,129.3,RB53,,,,,,,,,,,,,,,,53,4.3,44,191,1,16,120,,7.7,0.9/1.3,,,,,,,2,17.80
169,Emmett Johnson,RB,KC,5,DEN,,22,126.5,RB54,,,,,,,,,,,,,,,,76,4.2,81,343,2,17,128,,7.5,1.0/1.3,,,,,,,2,17.90
170,Cam Ward,QB,TEN,9,NYJ,187,4,124.4,QB25,4.1,39,159,2,,,,,,3169,15,7,60%,31.8,9.8,253,4.2,44,187,2,,,,,,3800,23,11,63%,33.5,10.5,2,18.00
171,Bryce Young,QB,CAR,5,CHI,218,21,121.6,QB26,4.0,54,216,2,,,,,,3011,23,11,64%,29.9,9.9,264,4.8,59,282,2,,,,,,3798,24,12,64%,32.3,10.6,2,18.10
172,Calvin Ridley,WR,TEN,9,NYJ,47,7,199,WR66,,,,,17,303,,17.8,2.4/5.1,,,,,,,144,5.5,5,28,,46,707,4,15.3,2.7/5.2,,,,,,,2,18.20
173,Ka'imi Fairbairn,K,HOU,8,BUF,,,118.5,K2,,,,,,,,,,,,,,,,178,,,,,,,,,,,,,,,,2,18.30
174,Cam Little,K,JAX,7,CLE,,,130.1,K3,,,,,,,,,,,,,,,,171,,,,,,,,,,,,,,,,2,18.40
175,Pat Bryant,WR,DEN,10,@KC,75,29,158,WR67,,,,,31,378,1,12.2,2.1/3.3,,,,,,,85,,,,,33,396,2,12.0,1.9/3.4,,,,,,,2,18.50
176,Denver Broncos,DST,DEN,10,@KC,,,164,DST32,,,,,,,,,,,,,,,,177,,,,,,,,,,,,,,,,2,18.60
177,Adonai Mitchell,WR,NYJ,13,@TEN,90,23,147,WR68,-4.0,1,-4,,33,453,2,13.7,2.1/4.6,,,,,,,111,4.8,3,16,,39,519,3,13.3,2.3/4.1,,,,,,,2,18.70
178,Jason Myers,K,SEA,11,NE,,,122,K4,,,,,,,,,,,,,,,,172,,,,,,,,,,,,,,,,2,18.80
179,Isaac TeSlaa,WR,DET,6,NO,76,14,124.4,WR69,,,,,16,239,6,14.9,0.9/1.6,,,,,,,119,,,,,38,510,5,13.4,2.2/3.7,,,,,,,2,18.90
180,Ja'Kobi Lane,WR,BAL,13,@IND,,19,126.8,WR70,,,,,,,,,,,,,,,,73,,,,,25,356,2,14.2,1.5/2.7,,,,,,,2,19.00
181,Devaughn Vele,WR,NO,8,@DET,66,6,192,WR71,,,,,25,293,2,11.7,1.9/3.0,,,,,,,101,,,,,41,421,3,10.3,2.4/3.6,,,,,,,2,19.10
182,Cameron Dicker,K,LAC,7,ARI,,,123.4,K5,,,,,,,,,,,,,,,,165,,,,,,,,,,,,,,,,2,19.20
183,Caleb Douglas,WR,MIA,6,@LV,,22,170,WR72,,,,,,,,,,,,,,,,126,,,,,47,612,3,13.1,2.8/4.6,,,,,,,2,19.30
184,Dylan Sampson,RB,CLE,11,@JAX,88,7,180,RB55,2.7,65,175,,33,271,2,8.2,2.2/2.7,,,,,,,104,4.1,65,264,1,38,272,1,7.2,2.2/2.9,,,,,,,2,19.40
185,Jauan Jennings,WR,MIN,6,GB,173,2,126.1,WR73,,,,,55,643,9,11.7,3.7/6.0,,,,,,,136,,,,,53,586,4,11.1,3.1/4.8,,,,,,,2,19.50
186,Pat Freiermuth,TE,PIT,9,ATL,114,12,124.5,TE23,,,,,41,486,4,11.9,2.4/3.2,,,,,,,157,,,,,62,654,5,10.5,3.6/5.1,,,,,,,1,19.60
187,Rashod Bateman,WR,BAL,13,@IND,55,19,222,WR74,,,,,19,224,2,11.8,1.5/2.9,,,,,,,127,,,,,41,622,4,15.2,2.4/4.4,,,,,,,1,19.70
188,Dontayvion Wicks,WR,PHI,10,WAS,76,1,154,WR75,6.0,1,6,,30,332,2,11.1,2.1/3.3,,,,,,,99,,,,,41,463,2,11.3,2.4/3.1,,,,,,,1,19.80
189,Cade Otton,TE,TB,10,@CIN,122,32,200.5,TE24,,,,,59,572,1,9.7,3.7/5.1,,,,,,,105,,,,,47,463,2,9.9,2.8/3.9,,,,,,,1,19.90
190,Malachi Fields,WR,NYG,8,DAL,,9,224,WR76,,,,,,,,,,,,,,,,119,,,,,49,581,2,11.9,2.9/4.4,,,,,,,1,20.00
191,Aaron Rodgers,QB,PIT,9,ATL,227,25,116.5,QB27,2.9,21,61,1,1,-9,,-9.0,0.1/0.1,3322,24,7,66%,31.1,10.2,248,3.1,24,74,1,,,,,,3962,24,10,65%,33.9,10.5,1,20.10
192,Jerry Jeudy,WR,CLE,11,@JAX,121,5,194,WR77,5.0,1,5,,50,602,2,12.0,2.9/6.2,,,,,,,125,,,,,46,609,3,13.2,2.7/5.1,,,,,,,1,20.20
193,Zach Charbonnet,RB,SEA,11,NE,181,6,130.4,RB56,4.0,184,730,12,20,144,,7.2,1.3/1.5,,,,,,,139,4.1,146,597,7,18,137,1,7.6,1.5/2.0,,,,,,,1,20.30
194,Samaje Perine,RB,CIN,6,TB,78,27,246,RB57,4.5,84,382,3,17,87,,5.1,1.1/1.4,,,,,,,109,4.4,98,432,3,25,175,1,7.1,1.4/1.8,,,,,,,1,20.40
195,Jacksonville Jaguars,DST,JAC,7,CLE,,,188,DST32,,,,,,,,,,,,,,,,152,,,,,,,,,,,,,,,,1,20.50
196,Jaylin Noel,WR,HOU,8,BUF,68,3,190,WR78,2.0,6,12,,26,292,2,11.2,1.5/2.1,,,,,,,101,5.5,5,28,,38,418,3,11.0,2.2/3.5,,,,,,,1,20.60
197,Los Angeles Chargers,DST,LAC,7,ARI,,,197,DST32,,,,,,,,,,,,,,,,163,,,,,,,,,,,,,,,,1,20.70
198,Omar Cooper Jr.,WR,NYJ,13,@TEN,,23,200,WR79,,,,,,,,,,,,,,,,130,5.8,2,10,,48,628,3,13.1,2.8/4.4,,,,,,,1,20.80
199,Justice Hill,RB,BAL,13,@IND,65,19,220,RB58,5.2,18,93,2,21,169,1,8.0,2.1/2.7,,,,,,,107,4.6,45,210,1,36,318,2,8.8,2.1/2.9,,,,,,,1,20.90
200,Chris Brooks,RB,GB,11,@MIN,33,17,301,RB59,3.9,27,106,,13,91,,7.0,0.8/1.0,,,,,,,42,4.2,42,174,1,11,78,,7.1,0.6/0.9,,,,,,,1,21.00
201,Jacoby Brissett,QB,ARI,14,@LAC,227,15,208,QB28,4.4,38,168,1,,,,,,3366,23,8,65%,34.6,10.7,189,4.4,34,149,1,,,,,,3099,16,10,64%,34.1,10.8,1,21.10
202,Minnesota Vikings,DST,MIN,6,GB,,,191,DST32,,,,,,,,,,,,,,,,164,,,,,,,,,,,,,,,,1,21.20
203,Pittsburgh Steelers,DST,PIT,9,ATL,,,190,DST32,,,,,,,,,,,,,,,,152,,,,,,,,,,,,,,,,1,21.30
204,Baltimore Ravens,DST,BAL,13,@IND,,,201,DST32,,,,,,,,,,,,,,,,153,,,,,,,,,,,,,,,,1,21.40
205,Germie Bernard,WR,PIT,9,ATL,,24,218.5,WR80,,,,,,,,,,,,,,,,107,,,,,44,448,3,10.2,2.6/4.2,,,,,,,1,21.50
206,Zachariah Branch,WR,ATL,11,@PIT,,15,213,WR81,,,,,,,,,,,,,,,,102,,,,,41,489,2,11.9,2.4/3.9,,,,,,,1,21.60
207,AJ Barner,TE,SEA,11,NE,147,17,125.4,TE25,1.4,10,14,1,52,519,6,10.0,3.1/4.0,,,,,,,127,2.6,9,22,1,47,473,4,10.0,2.8/3.9,,,,,,,1,21.70
208,Najee Harris,RB,NYG,8,DAL,12,9,198,RB60,4.1,15,61,,3,25,,8.3,1.0/1.0,,,,,,,61,4.0,68,272,2,12,92,,7.5,0.7/0.9,,,,,,,1,21.80
209,Charlie Kolar,TE,LAC,7,ARI,36,22,279.5,TE26,,,,,10,142,2,14.2,0.6/0.9,,,,,,,100,,,,,36,396,4,11.0,2.1/3.2,,,,,,,1,21.90
210,Seth McGowan,RB,IND,13,BAL,,13,239,RB61,,,,,,,,,,,,,,,,38,4.1,38,156,1,10,70,,7.1,0.6/0.7,,,,,,,1,22.00
211,Colby Parkinson,TE,LAR,11,SF,130,15,245,TE27,,,,,43,408,8,9.5,2.9/3.7,,,,,,,98,,,,,37,372,4,10.1,2.2/3.1,,,,,,,1,22.10
212,Jake Bates,K,DET,6,NO,,,138,K6,,,,,,,,,,,,,,,,160,,,,,,,,,,,,,,,,1,22.20
213,Cyrus Allen,WR,KC,5,DEN,,30,173,WR82,,,,,,,,,,,,,,,,54,,,,,19,230,2,12.0,1.1/2.2,,,,,,,1,22.30
214,Kaelon Black,RB,SF,8,@LAR,,15,130.5,RB62,,,,,,,,,,,,,,,,52,4.1,68,281,2,7,52,,7.4,0.4/0.6,,,,,,,1,22.40
215,Braelon Allen,RB,NYJ,13,@TEN,15,23,128,RB63,4.2,18,76,1,2,17,,8.5,0.5/0.8,,,,,,,97,4.2,110,464,4,15,108,,7.0,0.9/1.2,,,,,,,1,22.50
216,Ted Hurst,WR,TB,10,@CIN,,11,241,WR83,,,,,,,,,,,,,,,,68,,,,,24,319,2,13.6,1.4/2.2,,,,,,,1,22.60
217,Chris Bell,WR,MIA,6,@LV,,22,206,WR84,,,,,,,,,,,,,,,,108,,,,,40,567,2,14.3,2.3/3.9,,,,,,,1,22.70
218,Kenyon Sadiq,TE,NYJ,13,@TEN,,31,130,TE28,,,,,,,,,,,,,,,,147,,,,,61,616,4,10.1,3.6/4.8,,,,,,,1,22.80
219,Kimani Vidal,RB,LAC,7,ARI,118,28,227,RB64,4.1,155,643,3,16,136,1,8.5,1.2/1.7,,,,,,,39,4.1,42,173,1,9,64,,7.1,0.5/0.8,,,,,,,1,22.90
220,Alvin Kamara,RB,NO,8,@DET,101,3,125.9,RB65,3.6,131,471,1,33,186,,5.6,3.0/3.5,,,,,,,110,3.9,101,398,2,31,215,1,6.9,1.8/2.4,,,,,,,1,23.00
221,Greg Dulcich,TE,MIA,6,@LV,63,28,131.5,TE29,-7.0,1,-7,,26,335,1,12.9,2.6/3.3,,,,,,,145,,,,,58,630,4,10.9,3.4/4.6,,,,,,,1,23.10
222,Jaylen Wright,RB,MIA,6,@LV,48,20,233,RB66,4.1,70,288,2,5,44,,8.8,0.5/0.9,,,,,,,57,4.1,66,273,2,10,72,,7.2,0.6/0.8,,,,,,,1,23.20
223,Tyrone Tracy Jr.,RB,NYG,8,DAL,161,9,130.8,RB67,4.2,176,740,2,36,288,2,8.0,2.4/3.2,,,,,,,80,4.2,62,262,2,20,153,1,7.7,1.2/1.5,,,,,,,1,23.30
224,Mike Gesicki,TE,CIN,6,TB,71,4,278,TE30,,,,,28,307,2,11.0,2.2/3.2,,,,,,,112,,,,,44,443,4,10.1,2.6/3.8,,,,,,,1,23.40
225,Sean Tucker,RB,TB,10,@CIN,91,18,243,RB68,3.7,86,320,7,8,34,1,4.2,0.5/0.6,,,,,,,45,4.1,53,218,3,3,17,,5.5,0.2/0.2,,,,,,,1,23.50
226,Kaleb Johnson,RB,GB,11,@MIN,9,17,210,RB69,2.5,28,69,,1,9,,9.0,0.1/0.2,,,,,,,29,4.1,37,150,1,5,34,,6.8,0.3/0.4,,,,,,,1,23.60
227,Cooper Kupp,WR,SEA,11,NE,116,13,120.4,WR85,,,,,47,593,2,12.6,2.9/4.4,,,1,,0.1,,94,,,,,36,404,3,11.2,2.1/3.3,,,,,,,1,23.70
228,Travis Hunter,WR,JAX,7,CLE,64,4,125.7,WR86,,1,,,28,298,1,10.6,4.0/6.4,,,,,,,92,5.9,3,20,,36,416,2,11.6,2.1/3.4,,,,,,,1,23.80
229,Kaytron Allen,RB,WAS,7,@PHI,,2,204,RB70,,,,,,,,,,,,,,,,16,4.2,27,113,,3,21,,7.0,0.2/0.2,,,,,,,1,23.90
230,Jordan James,RB,SF,8,@LAR,,15,244,RB71,,,,,,,,,,,,,,,,29,4.2,34,142,1,5,40,,7.9,0.3/0.4,,,,,,,1,24.00
231,Oronde Gadsden II,TE,LAC,7,ARI,131,22,126.6,TE31,,,,,49,664,3,13.6,3.3/4.6,,,,,,,64,,,,,22,246,3,11.4,1.3/1.8,,,,,,,1,24.10
232,Gunnar Helm,TE,TEN,9,NYJ,92,8,218,TE32,,,,,44,357,2,8.1,2.8/3.4,,,,,,,114,,,,,52,445,3,8.6,3.0/4.3,,,,,,,1,24.20
233,Michael Mayer,TE,LV,13,MIA,74,18,331.5,TE33,,,,,35,328,1,9.4,2.7/3.8,,,,,,,103,,,,,43,416,3,9.7,2.5/3.6,,,,,,,1,24.30
234,Malik Washington,WR,MIA,6,@LV,111,22,209,WR87,6.5,17,110,1,46,317,3,6.9,2.7/3.8,,,,,,,118,5.9,15,90,1,48,432,2,9.1,2.8/4.1,,,,,,,1,24.40
235,Tyquan Thornton,WR,KC,5,DEN,81,30,230,WR88,,,,,19,438,3,23.1,1.4/2.6,,,,,,,110,,,,,37,551,3,15.1,2.2/4.1,,,,,,,1,24.50
236,Fernando Mendoza,QB,LV,13,MIA,,32,118.8,QB29,,,,,,,,,,,,,,,,134,4.2,27,113,2,,,,,,2026,12,9,63%,33.2,10.7,1,24.60
237,Andrei Iosivas,WR,CIN,6,TB,90,8,318.5,WR89,4.7,3,14,,33,435,2,13.2,1.9/3.4,,,,,,,89,,,,,32,386,3,12.1,1.9/3.1,,,,,,,1,24.70
238,Jahan Dotson,WR,ATL,11,@PIT,50,15,232,WR90,,,,,18,262,1,14.6,1.1/2.1,,,,,,,86,,,,,32,415,2,13.0,1.9/3.6,,,,,,,1,24.80
239,Geno Smith,QB,NYJ,13,@TEN,174,31,248,QB30,2.7,41,109,,,,,,,3025,19,17,67%,29.9,10.0,230,3.8,53,203,1,,,,,,3840,19,13,67%,31.9,10.6,1,24.90
240,Eddy Pineiro,K,SF,8,@LAR,,,142.7,K7,,,,,,,,,,,,,,,,151,,,,,,,,,,,,,,,,1,25.00
241,Mack Hollins,WR,NE,11,@SEA,113,28,394,WR91,4.0,1,4,,46,550,2,12.0,3.1/4.3,,,,,,,57,,,,,23,274,1,11.8,1.4/2.0,,,,,,,1,25.10
242,Chimere Dike,WR,TEN,9,NYJ,114,7,292,WR92,1.6,11,18,,48,423,4,8.8,2.8/4.4,,,,,,,65,5.2,12,62,,23,238,2,10.3,1.4/2.1,,,,,,,1,25.20
243,Demond Claiborne,RB,MIN,6,GB,,10,202,RB72,,,,,,,,,,,,,,,,27,4.3,33,142,1,4,24,,6.0,0.2/0.3,,,,,,,1,25.30
244,Emanuel Wilson,RB,SEA,11,NE,95,6,213.5,RB73,4.0,125,496,3,15,99,,6.6,0.9/1.0,,,,,,,26,4.2,33,138,,7,48,,6.9,0.4/0.6,,,,,,,1,25.40
245,Tua Tagovailoa,QB,ATL,11,@PIT,161,14,201,QB31,2.2,20,43,,,,,,,2660,20,15,68%,27.4,10.2,67,2.6,5,13,,,,,,,1148,7,4,68%,31.4,10.5,1,25.50
246,George Holani,RB,SEA,11,NE,15,6,220,RB74,3.3,22,73,1,2,15,,7.5,0.2/0.2,,,,,,,26,4.1,37,150,,7,45,,6.8,0.4/0.5,,,,,,,1,25.60
247,Darren Waller,TE,CAR,5,CHI,89,23,247,TE34,4.0,1,4,,24,283,6,11.8,2.7/3.8,,,,,,,111,,,,,40,412,5,10.3,2.4/3.4,,,,,,,1,25.70
248,Philadelphia Eagles,DST,PHI,10,WAS,,,181,DST32,,,,,,,,,,,,,,,,150,,,,,,,,,,,,,,,,1,25.80
249,Kendrick Bourne,WR,ARI,14,@LAC,92,18,330.5,WR93,,,,,37,551,,14.9,2.3/3.3,,,,,,,60,,,,,23,248,2,10.8,1.4/2.2,,,,,,,1,25.90
250,David Njoku,TE,LAC,7,ARI,86,22,124.3,TE35,,,,,33,293,4,8.9,2.8/4.0,,,,,,,51,,,,,19,200,2,10.4,1.1/1.6,,,,,,,1,26.00
251,Evan Engram,TE,DEN,10,@KC,103,20,266,TE36,7.0,1,7,,50,461,1,9.2,3.1/4.8,,,,,,,95,,,,,43,400,2,9.3,2.5/3.7,,,,,,,1,26.10
252,Nicholas Singleton,RB,TEN,9,NYJ,,14,205,RB75,,,,,,,,,,,,,,,,22,4.2,25,105,1,3,22,,7.3,0.2/0.2,,,,,,,1,26.20
253,Demario Douglas,WR,NE,11,@SEA,96,28,329,WR94,3.0,7,21,,31,447,3,14.4,1.8/2.7,,,,,,,72,5.2,5,27,,26,315,2,12.0,1.5/2.2,,,,,,,1,26.30
254,Tyler Loop,K,BAL,13,@IND,,,139.5,K8,,,,,,,,,,,,,,,,155,,,,,,,,,,,,,,,,1,26.40
255,Darius Slayton,WR,NYG,8,DAL,99,9,330.5,WR95,,,,,37,538,1,14.5,2.6/4.5,,,,,,,65,,,,,22,309,2,14.0,1.3/2.4,,,,,,,1,26.50
256,Joshua Palmer,WR,BUF,7,@HOU,52,21,322,WR96,,,,,22,303,,13.8,1.8/3.1,,,,,,,42,,,,,16,196,1,12.3,0.9/1.6,,,,,,,1,26.60
257,Evan McPherson,K,CIN,6,TB,,,142.2,K9,,,,,,,,,,,,,,,,158,,,,,,,,,,,,,,,,1,26.70
258,Antonio Williams,WR,WAS,7,@PHI,,16,236,WR97,5.2,12,,,1,,,20.0,1.0/1.0,,,,,,,61,5.0,3,15,,21,262,2,12.5,1.2/2.0,,,,,,,1,26.80
259,Troy Franklin,WR,DEN,10,@KC,177,29,220,WR98,2.4,5,12,,65,709,6,10.9,3.8/6.1,,,,,,,50,5.2,3,18,,16,200,2,12.4,0.9/1.5,,,,,,,1,26.90
260,Xavier Hutchinson,WR,HOU,8,BUF,98,3,303,WR99,7.3,3,22,,35,428,3,12.2,2.1/3.4,,,,,,,42,5.8,2,10,,17,183,1,10.8,1.0/1.9,,,,,,,1,27.00
261,Cedric Tillman,WR,NO,8,@DET,60,6,282,WR100,,,,,21,270,2,12.9,1.6/3.0,,,,,,,52,,,,,22,242,1,11.0,1.3/2.4,,,,,,,1,27.10
262,Dawson Knox,TE,BUF,7,@HOU,104,24,335,TE37,,,,,36,417,4,11.6,2.1/2.9,,,,,,,56,,,,,21,228,2,10.8,1.2/1.9,,,,,,,1,27.20
263,Kalif Raymond,WR,CHI,10,@CAR,61,27,279,WR101,9.5,2,19,,24,289,1,12.0,1.6/2.0,,,,,,,50,5.8,3,20,,21,214,1,10.2,1.2/1.8,,,,,,,1,27.30
264,Darnell Washington,TE,PIT,9,ATL,73,12,312,TE38,,,,,31,364,1,11.7,1.9/2.7,,,,,,,80,,,,,32,363,2,11.3,1.9/2.8,,,,,,,1,27.40
265,Xavier Legette,WR,CAR,5,CHI,89,20,410,WR102,,1,,,35,363,3,10.4,2.3/4.3,,,,,,,91,5.0,2,9,,35,375,3,10.7,2.1/4.0,,,,,,,1,27.50
266,Chris Boswell,K,PIT,9,ATL,,,130,K10,,,,,,,,,,,,,,,,144,,,,,,,,,,,,,,,,1,27.60
267,Isiah Pacheco,RB,DET,6,NO,87,1,125.6,RB76,3.9,118,462,1,19,101,1,5.3,1.5/2.0,,,,,,,75,4.2,99,419,3,9,59,,6.6,0.7/1.0,,,,,,,1,27.70
268,Bryce Lance,WR,NO,8,@DET,,6,296,WR103,,,,,,,,,,,,,,,,29,,,,,11,118,1,10.9,0.6/1.1,,,,,,,1,27.80
269,New England Patriots,DST,NE,11,@SEA,,,178,DST32,,,,,,,,,,,,,,,,149,,,,,,,,,,,,,,,,1,27.90
270,Marvin Mims Jr.,WR,DEN,10,@KC,87,29,236,WR104,6.5,12,78,1,37,322,1,8.7,2.5/3.4,,,,,,,62,4.9,5,25,,22,252,2,11.5,1.3/1.7,,,,,,,1,28.00
271,Will Reichard,K,MIN,6,GB,,,142.5,K11,,,,,,,,,,,,,,,,152,,,,,,,,,,,,,,,,1,28.10
272,Treylon Burks,WR,WAS,7,@PHI,29,16,313,WR105,,,,,10,130,1,13.0,1.3/2.8,,,,,,,63,,,,,22,292,2,13.3,1.3/2.3,,,,,,,1,28.20
273,Chicago Bears,DST,CHI,10,@CAR,,,209,DST32,,,,,,,,,,,,,,,,151,,,,,,,,,,,,,,,,1,28.30
274,Harrison Butker,K,KC,5,DEN,,,130,K12,,,,,,,,,,,,,,,,149,,,,,,,,,,,,,,,,1,28.40
275,Harrison Mevis,K,LAR,11,SF,,,132.6,K13,,,,,,,,,,,,,,,,150,,,,,,,,,,,,,,,,1,28.50
276,Darnell Mooney,WR,NYG,8,DAL,82,9,209,WR106,,,,,32,443,1,13.8,2.1/4.8,,,,,,,63,,,,,21,300,2,14.3,1.2/2.4,,,,,,,1,28.60
277,KaVontae Turpin,WR,DAL,14,@NYG,85,10,253,WR107,5.2,17,89,,26,396,2,15.2,1.7/2.5,,,,,,,56,5.9,17,100,,15,191,2,13.0,0.9/1.4,,,,,,,1,28.70
278,Michael Penix Jr.,QB,ATL,11,@PIT,120,14,235.5,QB32,3.3,21,70,1,,,,,,1982,9,3,60%,30.7,11.9,189,3.7,14,52,1,,,,,,2945,19,8,62%,31.8,11.4,1,28.80
279,Elic Ayomanor,WR,TEN,9,NYJ,117,7,319.5,WR108,,,,,41,515,4,12.6,2.6/5.6,,,,,,,51,,,,,17,218,2,12.7,1.0/1.9,,,,,,,1,28.90
280,Noah Gray,TE,KC,5,DEN,39,14,377,TE39,,,,,21,178,,8.5,1.3/2.3,,,,,,,60,,,,,27,266,1,9.7,1.6/2.4,,,,,,,1,29.00
281,Chase McLaughlin,K,TB,10,@CIN,,,139.9,K14,,,,,,,,,,,,,,,,150,,,,,,,,,,,,,,,,1,29.10
282,Cole Kmet,TE,CHI,10,@CAR,79,30,395,TE40,,,,,30,347,2,11.6,1.9/3.0,,,,,0.1,,78,,,,,29,309,3,10.7,1.7/2.5,,,,,,,1,29.20
283,Jonnu Smith,TE,GB,11,@MIN,85,29,325,TE41,7.8,9,70,1,38,222,2,5.8,2.2/3.2,,,,,,,74,,,,,31,314,2,10.1,1.8/2.6,,,,,,,1,29.30
284,Spencer Shrader,K,IND,13,BAL,,,,K15,,,,,,,,,,,,,,,,150,,,,,,,,,,,,,,,,1,29.40
285,Demarcus Robinson,WR,SF,8,@LAR,58,26,266,WR109,6.0,1,6,,22,276,1,12.5,1.6/2.5,,,,,,,12,,,,,5,72,,14.8,0.3/0.5,,,,,,,1,29.50
286,Trey Smack,K,GB,11,@MIN,,,,K16,,,,,,,,,,,,,,,,136,,,,,,,,,,,,,,,,1,29.60
287,Kirk Cousins,QB,LV,13,MIA,104,32,236,QB33,0.5,14,7,1,,,,,,1721,10,5,62%,24.5,10.4,108,1.7,9,14,,,,,,,1919,11,7,66%,34.8,10.5,1,29.70
288,Tez Johnson,WR,TB,10,@CIN,92,11,389,WR110,3.1,7,22,,28,322,5,11.5,1.8/2.8,,,,,,,24,5.9,3,20,,7,86,1,11.7,0.4/0.7,,,,,,,1,29.80
289,Jahdae Walker,WR,CHI,10,@CAR,27,27,280,WR111,,,,,6,87,2,14.5,0.7/1.1,,,,,,,11,,,,,5,62,,13.0,0.3/0.5,,,,,,,1,29.90
290,Theo Johnson,TE,NYG,8,DAL,128,6,311.5,TE42,,,,,45,528,5,11.7,3.0/4.9,,,,,,,75,,,,,30,326,2,10.8,1.8/2.6,,,,,,,1,30.00
291,Marquise Brown,WR,PHI,10,,138,1,166,WR112,,,,,49,587,5,12.0,3.1/4.6,,,,,,,29,,,,,11,121,1,11.0,0.6/1.1,,,,,,,1,30.10
292,Isaiah Davis,RB,NYJ,13,@TEN,71,23,361,RB77,5.5,43,236,1,21,186,,8.9,1.3/1.8,,,,,,,37,4.7,29,134,1,10,76,,7.6,0.6/0.8,,,,,,,1,30.20
293,Deshaun Watson,QB,CLE,11,@JAX,,2,239.5,QB34,4.8,31,,,,,,,,,,,,30.9,8.4,102,4.3,22,94,1,,,,,,1662,8,6,62%,28.8,10.3,1,30.30
294,Dallas Cowboys,DST,DAL,14,@NYG,,,240,DST32,,,,,,,,,,,,,,,,115,,,,,,,,,,,,,,,,1,30.40
295,Shedeur Sanders,QB,CLE,11,@JAX,85,2,245.5,QB35,8.0,21,169,1,,,,,,1400,7,10,57%,26.5,11.7,126,5.1,25,128,1,,,,,,2090,9,6,62%,29.8,11.1,1,30.50
296,Daniel Bellinger,TE,TEN,9,NYJ,60,8,296,TE43,,,,,19,286,2,15.1,1.2/1.6,,,,,,,33,,,,,14,127,1,8.9,0.8/1.2,,,,,,,1,30.60
297,Kansas City Chiefs,DST,KC,5,DEN,,,225,DST32,,,,,,,,,,,,,,,,125,,,,,,,,,,,,,,,,1,30.70
298,New York Giants,DST,NYG,8,DAL,,,233,DST32,,,,,,,,,,,,,,,,133,,,,,,,,,,,,,,,,1,30.80
299,Cairo Santos,K,CHI,10,@CAR,,,144.1,K17,,,,,,,,,,,,,,,,138,,,,,,,,,,,,,,,,1,30.90
300,Buffalo Bills,DST,BUF,7,@HOU,,,223,DST32,,,,,,,,,,,,,,,,146,,,,,,,,,,,,,,,,1,31.00
301,San Francisco 49ers,DST,SF,8,@LAR,,,238,DST32,,,,,,,,,,,,,,,,126,,,,,,,,,,,,,,,,1,31.10
302,Jack Bech,WR,LV,13,MIA,42,32,234,WR113,,,,,20,224,,11.2,1.3/1.8,,,,,,,81,,,,,32,371,2,11.6,1.9/3.1,,,,,,,1,31.20
303,Kareem Hunt,RB,FA,,,145,,332,RB78,3.7,163,611,8,18,143,1,7.9,1.1/1.5,,,,,,,81,3.7,85,310,3,15,114,1,7.7,0.9/1.2,,,,,,,1,31.30
304,Jalen Tolbert,WR,MIA,6,@LV,46,22,337,WR114,,,,,18,203,1,11.3,1.4/2.6,,,,,,,93,,,,,38,431,2,11.4,2.2/3.8,,,,,,,1,31.40
305,Skyler Bell,WR,BUF,7,@HOU,,21,329,WR115,,,,,,,,,,,,,,,,24,,,,,8,104,1,13.3,0.5/0.8,,,,,,,1,31.50
306,Elijah Sarratt,WR,BAL,13,@IND,,19,310.5,WR116,,,,,,,,,,,,,,,,48,,,,,18,237,1,13.2,1.1/1.8,,,,,,,1,31.60
307,Noah Fant,TE,NO,8,@DET,75,16,304,TE44,,,,,34,288,3,8.5,2.3/2.7,,,,,,,61,,,,,25,242,2,9.7,1.5/1.9,,,,,,,1,31.70
308,Devin Singletary,RB,NYG,8,DAL,109,9,402,RB79,3.7,119,437,5,18,151,,8.4,1.1/1.1,,,,,,,14,4.0,22,87,,3,19,,6.5,0.2/0.2,,,,,,,1,31.80
309,Keon Coleman,WR,BUF,7,@HOU,102,21,274,WR117,,,,,38,404,4,10.6,2.9/4.5,,,,,,,59,,,,,20,269,2,13.4,1.2/2.1,,,,,,,1,31.90
310,Ty Johnson,RB,BUF,7,@HOU,100,30,302,RB80,4.0,50,200,3,24,263,2,11.0,1.4/1.9,,,,,,,74,4.2,38,159,1,20,195,2,9.8,1.2/1.6,,,,,,,1,32.00
311,Odell Beckham Jr.,WR,NYG,8,DAL,,9,262,WR118,,,,,9,,,6.1,1.0/2.0,,,,,,,59,,,,,23,240,2,10.4,1.4/2.5,,,,,,,1,32.10
312,Jake Tonges,TE,SF,8,@LAR,93,27,236.5,TE45,,,,,34,293,5,8.6,2.0/2.7,,,,,,,42,,,,,18,182,1,10.1,1.1/1.5,,,,,,,1,32.20
313,Elijah Arroyo,TE,SEA,11,NE,37,17,393,TE46,,,,,15,179,1,11.9,1.2/2.0,,,,,,,62,,,,,23,263,2,11.4,1.4/2.1,,,,,,,1,32.30
314,Erick All Jr.,TE,CIN,6,TB,,4,271,TE47,,,,,20,,,7.9,2.2/2.4,,,,,,,17,,,,,6,52,1,8.6,0.4/0.5,,,,,,,1,32.40
315,Eli Raridon,TE,NE,11,@SEA,,21,327,TE48,,,,,,,,,,,,,,,,45,,,,,18,201,1,10.9,1.1/1.6,,,,,,,1,32.50
316,Brashard Smith,RB,KC,5,DEN,63,22,409,RB81,3.4,44,151,,25,172,1,6.9,1.5/2.1,,,,,,,9,4.1,7,28,,4,28,,7.6,0.2/0.3,,,,,,,1,32.60
317,Wil Lutz,K,DEN,10,@KC,,,136.3,K18,,,,,,,,,,,,,,,,146,,,,,,,,,,,,,,,,1,32.70
318,Kyle Williams,WR,NE,11,@SEA,49,28,403,WR119,1.5,2,3,,10,209,3,20.9,0.6/1.2,,,,,,,35,,,,,12,176,1,15.0,0.7/1.2,,,,,,,1,32.80
319,Zavion Thomas,WR,CHI,10,@CAR,,27,284.5,WR120,,,,,,,,,,,,,,,,30,5.0,3,17,,10,125,1,12.3,0.6/1.1,,,,,,,1,32.90
320,Trevor Etienne,RB,CAR,5,CHI,14,31,288,RB82,4.7,20,94,,3,13,,4.3,0.2/0.2,,,,,,,11,4.2,14,60,,3,22,,7.1,0.2/0.3,,,,,,,1,33.00
321,Tyler Bass,K,BUF,7,@HOU,,,181,K19,,,,,,,,,,,,,,,,145,,,,,,,,,,,,,,,,1,33.10
322,Mason Taylor,TE,NYJ,13,@TEN,89,31,302,TE49,,,,,44,369,1,8.4,3.4/5.0,,,,,,,67,,,,,33,283,1,8.6,1.9/2.8,,,,,,,1,33.20
323,Tutu Atwell,WR,LAR,11,SF,31,25,360,WR121,,,,,6,192,1,32.0,0.6/1.5,,,,,,,13,5.3,2,9,,5,69,,13.7,0.3/0.5,,,,,,,1,33.30
324,Kendre Miller,RB,NO,8,@DET,33,3,226,RB83,4.1,47,193,1,5,30,,6.0,0.7/0.7,,,,,,,27,4.1,36,149,1,4,21,,5.5,0.2/0.3,,,,,,,1,33.40
325,Kyle Juszczyk,RB,SF,8,@LAR,,15,,RB84,3.8,17,,,19,,,10.6,1.2/1.9,,,,,,,43,4.5,12,54,,17,141,1,8.3,1.0/1.3,,,,,,,1,33.50
326,Olamide Zaccheaus,WR,ATL,11,@PIT,85,15,374,WR122,6.2,4,25,,39,313,2,8.0,2.4/4.1,,,,,,,50,6.0,2,10,,18,190,2,10.5,1.1/1.8,,,,,,,1,33.60
327,Marlin Klein,TE,HOU,8,BUF,,11,,TE50,,,,,,,,,,,,,,,,47,,,,,20,207,1,10.4,1.2/1.8,,,,,,,1,33.70
328,James Conner,RB,ARI,14,@LAC,33,25,125.7,RB85,3.0,32,95,1,8,38,1,4.8,2.7/3.0,,,,,,,37,4.0,50,198,1,7,46,,6.6,0.5/0.8,,,,,,,1,33.80
329,Darius Cooper,WR,PHI,10,WAS,18,1,,WR123,,,,,9,92,,10.2,0.8/0.9,,,,,,,45,,,,,19,203,1,10.9,1.1/1.8,,,,,,,1,33.90
330,Jordan Whittington,WR,LAR,11,SF,36,25,267,WR124,4.0,3,12,,18,171,,9.5,1.1/1.5,,,,,,,33,5.4,3,18,,12,133,1,11.1,0.7/1.0,,,,,,,1,34.00
331,LeQuint Allen Jr.,RB,JAX,7,CLE,25,16,298,RB86,4.1,23,94,,10,54,,5.4,0.6/0.6,,,,,,,52,4.2,10,40,,25,166,1,6.6,1.5/1.9,,,,,,,1,34.10
332,Daniel Carlson,K,NO,8,@DET,,,220,K20,,,,,,,,,,,,,,,,147,,,,,,,,,,,,,,,,1,34.20
333,Christian Kirk,WR,SF,8,@LAR,58,26,212,WR125,,,,,28,239,1,8.5,2.2/4.0,,,,,,,52,,,,,20,262,1,13.0,1.6/2.5,,,,,,,1,34.30
334,Ollie Gordon II,RB,MIA,6,@LV,54,20,319.5,RB87,2.8,70,199,3,7,32,1,4.6,0.4/0.5,,,,,,,24,4.1,27,110,1,4,28,,7.1,0.2/0.4,,,,,,,1,34.40
335,Tampa Bay Buccaneers,DST,TB,10,@CIN,,,246,DST32,,,,,,,,,,,,,,,,113,,,,,,,,,,,,,,,,1,34.50
336,Tennessee Titans,DST,TEN,9,NYJ,,,292,DST32,,,,,,,,,,,,,,,,104,,,,,,,,,,,,,,,,1,34.60
337,Audric Estime,RB,NO,8,@DET,48,3,320,RB88,4.3,46,198,1,12,103,,8.6,1.7/1.9,,,,,,,13,4.1,16,67,,4,20,,5.0,0.2/0.3,,,,,,,1,34.70
338,Tank Dell,WR,HOU,8,BUF,,3,210,WR126,4.8,9,,,51,,,13.1,3.6/5.8,,,,,,,59,5.0,4,20,,20,249,2,12.5,2.0/3.4,,,,,,,1,34.80
339,Jake Elliott,K,PHI,10,WAS,,,173,K21,,,,,,,,,,,,,,,,139,,,,,,,,,,,,,,,,1,34.90
340,Oscar Delp,TE,NO,8,@DET,,16,381,TE51,,,,,,,,,,,,,,,,12,,,,,6,55,,9.2,0.4/0.6,,,,,,,1,35.00
341,Konata Mumpfield,WR,LAR,11,SF,25,25,251,WR127,,,,,10,92,1,9.2,0.6/1.4,,,,,,,24,,,,,8,99,1,12.3,0.5/0.9,,,,,,,1,35.10
342,Austin Hooper,TE,ATL,11,@PIT,59,5,265,TE52,,,,,21,263,2,12.5,1.3/1.6,,,,,,,27,,,,,11,102,1,9.2,0.6/0.9,,,,,,,1,35.20
343,Luke Schoonmaker,TE,DAL,14,@NYG,27,10,,TE53,,,,,14,132,,9.4,0.8/1.4,,,,,,,30,,,,,12,118,1,9.7,0.7/1.1,,,,,,,1,35.30
344,Andy Borregales,K,NE,11,@SEA,,,,K22,,,,,,,,,,,,,,,,146,,,,,,,,,,,,,,,,1,35.40
345,Will Shipley,RB,PHI,10,WAS,18,4,290,RB89,3.5,14,49,,9,56,,6.2,0.6/0.8,,,,,,,8,4.0,11,43,,2,15,,7.7,0.1/0.2,,,,,,,1,35.50
346,Green Bay Packers,DST,GB,11,@MIN,,,222,DST32,,,,,,,,,,,,,,,,148,,,,,,,,,,,,,,,,1,35.60
347,Jaylin Lane,WR,WAS,7,@PHI,37,16,,WR128,7.0,1,7,,16,225,,14.1,1.1/2.1,,,,,,,50,,,,,16,216,2,13.5,0.9/1.6,,,,,,,1,35.70
348,Matthew Hibner,TE,,,,,,,TE54,,,,,,,,,,,,,,,,,,,,,,,,,,,,,,,,1,35.80
349,J.J. McCarthy,QB,MIN,6,GB,125,7,392,QB36,4.9,37,181,4,,,,,,1632,11,12,58%,24.3,11.7,48,4.5,11,50,1,,,,,,717,3,2,62%,34.0,11.3,1,35.90
350,Ja'Tavion Sanders,TE,CAR,5,CHI,54,23,338.5,TE55,,,,,29,190,1,6.6,2.2/2.6,,,,,,,40,,,,,18,158,1,8.8,1.1/1.5,,,,,,,1,36.00
351,Cade Stover,TE,HOU,8,BUF,20,11,,TE56,0.8,4,3,,12,76,,6.3,1.3/1.8,,,,,,,8,2.7,3,7,,4,34,,8.6,0.2/0.4,,,,,,,1,36.10
352,Barion Brown,WR,NO,8,@DET,,6,,WR129,,,,,,,,,,,,,,,,9,,,,,4,44,,10.5,0.2/0.4,,,,,,,1,36.20
353,Nate Boerkircher,TE,JAX,7,CLE,,7,,TE57,,,,,,,,,,,,,,,,16,,,,,5,48,1,9.8,0.3/0.4,,,,,,,1,36.30
354,DJ Giddens,RB,IND,13,BAL,10,13,326,RB90,3.7,26,96,,,,,,—/0.2,,,,,,,16,4.1,19,78,,5,34,,6.6,0.3/0.4,,,,,,,1,36.40
355,Elijah Higgins,TE,ARI,14,@LAC,58,19,254,TE58,,,,,30,301,,10.0,1.8/2.2,,,,,,,42,,,,,19,169,1,8.9,1.1/1.6,,,,,,,1,36.50
356,Indianapolis Colts,DST,IND,13,BAL,,,241,DST32,,,,,,,,,,,,,,,,122,,,,,,,,,,,,,,,,1,36.60
357,Detroit Lions,DST,DET,6,NO,,,228,DST32,,,,,,,,,,,,,,,,141,,,,,,,,,,,,,,,,1,36.70
358,Brenen Thompson,WR,LAC,7,ARI,,31,305,WR130,,,,,,,,,,,,,,,,15,5.0,2,9,,6,76,,12.5,0.4/0.6,,,,,,,1,36.80
359,Cleveland Browns,DST,CLE,11,@JAX,,,211,DST32,,,,,,,,,,,,,,,,126,,,,,,,,,,,,,,,,1,36.90
360,Jacob Saylors,RB,DET,6,NO,1,1,,RB91,5.5,2,11,,,,,,,,,,,,,36,4.2,43,180,1,7,46,,6.6,0.4/0.6,,,,,,,1,37.00
361,Kevin Coleman Jr.,WR,MIA,6,@LV,,22,281,WR131,,,,,,,,,,,,,,,,18,,,,,9,90,,10.2,0.5/0.9,,,,,,,1,37.10
362,Nick Folk,K,ATL,11,@PIT,,,,K23,,,,,,,,,,,,,,,,143,,,,,,,,,,,,,,,,1,37.20
363,Dyami Brown,WR,WAS,7,@PHI,50,16,280,WR132,5.0,6,30,,20,227,1,11.4,1.4/2.6,,,,,,,26,,,,,9,113,1,12.6,0.5/0.9,,,,,,,1,37.30
364,Brandon Aiyuk,WR,SF,8,@LAR,,26,198,WR133,,,,,,,,,,,,,,,,108,,,,,39,507,3,13.0,2.3/3.5,,,,,,,1,37.40
365,Haynes King,QB,CAR,5,CHI,,21,,QB37,,,,,,,,,,,,,,,,,,,,,,,,,,,,,,,,1,37.50
366,Tyler Higbee,TE,LAR,11,SF,71,15,320.5,TE59,,,,,25,281,3,11.2,2.5/3.6,,,,,,,41,,,,,17,177,1,10.4,1.0/1.6,,,,,,,1,37.60
367,Matt Gay,K,LV,13,MIA,,,236,K24,,,,,,,,,,,,,,,,125,,,,,,,,,,,,,,,,1,37.70
368,Jacob Cowing,WR,SF,8,@LAR,,26,315,WR134,7.0,1,,,4,,,20.0,0.3/0.4,,,,,,,5,,,,,2,28,,14.8,0.1/0.2,,,,,,,1,37.80
369,John Bates,TE,WAS,7,@PHI,27,25,,TE60,,,,,11,103,1,9.4,0.7/1.1,,,,,,,19,,,,,10,91,,9.3,0.6/0.8,,,,,,,1,37.90
370,Atlanta Falcons,DST,ATL,11,@PIT,,,230,DST32,,,,,,,,,,,,,,,,140,,,,,,,,,,,,,,,,1,38.00
371,New York Jets,DST,NYJ,13,@TEN,,,373,DST32,,,,,,,,,,,,,,,,99,,,,,,,,,,,,,,,,1,38.10
372,Dylan Laube,RB,LV,13,MIA,4,32,,RB92,1.3,7,9,,3,18,,6.0,0.2/0.2,,,,,,,4,4.0,4,17,,2,10,,6.6,0.1/0.2,,,,,,,1,38.20
373,Tommy Tremble,TE,CAR,5,CHI,64,23,258,TE61,,,,,27,249,2,9.2,1.6/2.2,,,,,,,21,,,,,11,102,,9.3,0.6/0.9,,,,,,,1,38.30
374,Adam Trautman,TE,DEN,10,@KC,46,20,,TE62,,,,,20,195,1,9.8,1.2/1.4,,,,,,,31,,,,,13,124,1,9.6,0.8/1.1,,,,,,,1,38.40
375,Tyler Conklin,TE,DET,6,NO,17,26,253,TE63,2.0,1,2,,7,101,,14.4,0.5/0.8,,,,,,,49,,,,,,,,15.0,0.2/—,,,,,,,1,38.50
376,Las Vegas Raiders,DST,LV,13,MIA,,,326,DST32,,,,,,,,,,,,,,,,108,,,,,,,,,,,,,,,,1,38.60
377,Max Klare,TE,LAR,11,SF,,15,307,TE64,,,,,,,,,,,,,,,,,,,,,,,,,,,,,,,,1,38.70
378,Eli Stowers,TE,PHI,10,WAS,,1,252,TE65,,,,,,,,,,,,,,,,19,2.8,5,14,,9,84,,9.1,0.5/0.8,,,,,,,1,38.80
379,Joey Slye,K,TEN,9,NYJ,,,,K25,,,,,,,,,,,,,,,,127,,,,,,,,,,,,,,,,1,38.90
380,Chad Ryland,K,ARI,14,@LAC,,,,K26,,,,,,,,,,,,,,,,129,,,,,,,,,,,,,,,,1,39.00
381,Jaydon Blue,RB,PHI,10,WAS,20,4,250,RB93,3.4,38,129,1,1,5,,5.0,0.2/0.2,,,,,,,60,4.2,69,285,3,8,57,,7.0,0.5/0.6,,,,,,,1,39.10
382,Ryan Fitzgerald,K,CAR,5,CHI,,,,K27,,,,,,,,,,,,,,,,132,,,,,,,,,,,,,,,,1,39.20
383,Riley Patterson,K,MIA,6,@LV,,,,K28,,,,,,,,,,,,,,,,124,,,,,,,,,,,,,,,,1,39.30
384,New Orleans Saints,DST,NO,8,@DET,,,229,DST32,,,,,,,,,,,,,,,,129,,,,,,,,,,,,,,,,1,39.40
385,Ashton Dulin,WR,IND,13,BAL,20,17,250,WR135,14.7,3,44,,5,106,,21.2,0.4/0.8,,,,,,,20,6.8,5,35,,7,90,,12.5,0.4/0.7,,,,,,,1,39.50
386,Ty Simpson,QB,LAR,11,SF,,17,370,QB38,,,,,,,,,,,,,,,,,,,,,,,,,,,,,,,,1,39.60
387,Josh Oliver,TE,MIN,6,GB,55,9,273,TE66,,,,,15,160,4,10.7,1.0/1.3,,,,,,,44,,,,,20,182,1,9.1,1.2/1.6,,,,,,,1,39.70
388,Tanner Hudson,TE,CIN,6,TB,48,4,,TE67,,,,,19,168,2,8.8,1.3/1.6,,,,,,,26,,,,,11,93,1,8.5,0.6/0.9,,,,,,,1,39.80
389,Carolina Panthers,DST,CAR,5,CHI,,,247,DST32,,,,,,,,,,,,,,,,106,,,,,,,,,,,,,,,,1,39.90
390,Arizona Cardinals,DST,ARI,14,@LAC,,,386,DST32,,,,,,,,,,,,,,,,103,,,,,,,,,,,,,,,,1,40.00
391,Tory Horton,WR,SEA,11,NE,59,13,314,WR136,,,,,13,161,5,12.4,1.6/2.8,,,,,,,71,,,,,24,352,2,14.7,2.0/3.5,,,,,,,1,40.10
392,Brock Wright,TE,DET,6,NO,37,26,,TE68,,,,,14,108,2,7.7,1.3/2.0,,,,,,,24,,,,,10,83,1,8.3,0.6/0.9,,,,,,,1,40.20
393,Miami Dolphins,DST,MIA,6,@LV,,,357,DST32,,,,,,,,,,,,,,,,104,,,,,,,,,,,,,,,,1,40.30
394,Davis Allen,TE,LAR,11,SF,63,15,,TE69,,,,,24,208,3,8.7,1.4/1.9,,,,,,,23,,,,,9,82,1,9.1,0.5/0.8,,,,,,,1,40.40
395,Adam Randall,RB,BAL,13,@IND,,19,302.5,RB94,,,,,,,,,,,,,,,,22,4.1,21,86,1,4,30,,7.4,0.3/0.5,,,,,,,1,40.50
396,Luke Farrell,TE,SF,8,@LAR,30,27,,TE70,,,,,11,85,2,7.7,0.6/0.8,,,,,,,23,,,,,8,91,1,11.4,0.5/0.8,,,,,,,1,40.60
397,Eli Heidenreich,WR,,,ATL,,,276,WR137,,,,,,,,,,,,,,,,,,,,,,,,,,,,,,,,1,40.70
398,Cincinnati Bengals,DST,CIN,6,TB,,,318,DST32,,,,,,,,,,,,,,,,95,,,,,,,,,,,,,,,,1,40.80
399,Washington Commanders,DST,WAS,7,@PHI,,,345,DST32,,,,,,,,,,,,,,,,109,,,,,,,,,,,,,,,,1,40.90
400,Emari Demercado,RB,DAL,14,@NYG,58,5,288,RB95,7.1,44,312,,13,101,1,7.8,1.0/1.5,,,,,,,38,4.2,41,172,1,8,65,,8.1,0.5/0.6,,,,,,,1,41.00